{"version":1,"model":"dead-cube","matches":15,"p_w":0.5,"gammon_rate":0.26,"backgammon_rate":0.01,"cube_efficiency":0.7,"met":[[1.0,1.0,1.0,1.0,1.0,1.0,1.0,1.0,1.0,1.0,1.0,1.0,1.0,1.0,1.0,1.0],[0.0,0.5,0.685,0.81595,0.8900265,0.9347285550000001,0.9611826278500001,0.9769287741795001,0.9862851177026651,0.9918475034616737,0.99515385986455,0.997119291671106,0.9982876079186864,0.9989820956881249,0.9993949228527975,0.9996403214561441],[0.0,0.315,0.5,0.6562765,0.76620711,0.8438807585499999,0.896930724218,0.932644144775825,0.9563395714370414,0.9718943894305927,0.9820135193927121,0.988547636629622,0.9927402023541161,0.9954157724512955,0.997115220739927,0.9981902231807288],[0.0,0.18405,0.3437235,0.5,0.6286356307000001,0.7308907508975,0.8085212281114849,0.8658518067564296,0.9072160569128405,0.9365258850648905,0.9569850782802689,0.9710888318932234,0.9807084578717095,0.9872097565585817,0.9915686083504777,0.9944705697077457],[0.0,0.1099735,0.23379289000000003,0.37136436930000005,0.5,0.613177826038325,0.7073077255484297,0.7826814171754641,0.8412152922545615,0.8855819875790049,0.9185425922090407,0.9426215028635444,0.9599617827699269,0.9722957524053891,0.9809745210469841,0.9870234410486453],[0.0,0.06527144499999998,0.15611924145,0.26910924910250006,0.386822173961675,0.5,0.6019519835786665,0.6896431657172695,0.7623453323682009,0.8208734715932824,0.8668585283634682,0.9022573643347971,0.929035026077882,0.9489871496545564,0.9636581353884887,0.9743205244483203],[0.0,0.03881737214999999,0.10306927578200001,0.19147877188851503,0.2926922744515703,0.3980480164213335,0.5,0.5935518709210295,0.6758601971155063,0.7458658191600804,0.8037610419952879,0.8505224707401281,0.8875344983034745,0.9163201416304305,0.9383660453112606,0.9550220039859856],[0.0,0.02307122582049999,0.06735585522417499,0.1341481932435703,0.21731858282453578,0.31035683428273036,0.40644812907897054,0.5000000000000001,0.5869253162463203,0.6647020546328185,0.7321470392896681,0.7891053801775257,0.8361278323959276,0.8741895305772382,0.9044692085579191,0.9281912618866623],[0.0,0.013714882297334996,0.043660428562958695,0.09278394308715948,0.15878470774543843,0.23765466763179885,0.3241398028844936,0.41307468375367973,0.5,0.5815323894507518,0.6554311849439521,0.7204966734404807,0.7763746146430426,0.8233329272883605,0.8620501468015562,0.8934371633193909],[0.0,0.008152496538326448,0.028105610569407375,0.0634741149351094,0.11441801242099509,0.17912652840671742,0.2541341808399194,0.33529794536718144,0.4184676105492482,0.5000000000000001,0.5770316645959391,0.6475686080021129,0.7104416019942081,0.7651831021881011,0.811869826711756,0.8509626998507708],[0.0,0.00484614013545016,0.017986480607288,0.04301492171973109,0.08145740779095942,0.13314147163653178,0.19623895800471203,0.2678529607103318,0.3445688150560479,0.42296833540406087,0.5,0.5732018820425173,0.6407903967629687,0.7016479934311417,0.7552450168514399,0.8015274080668825],[0.0,0.00288070832889404,0.01145236337037807,0.028911168106776616,0.05737849713645563,0.09774263566520298,0.1494775292598718,0.21089461982247404,0.27950332655951915,0.352431391997887,0.4267981179574826,0.49999999999999994,0.5698914418294643,0.634868134046166,0.6938722751337745,0.7463433800471044],[0.0,0.0017123920813136972,0.0072597976458839905,0.019291542128290567,0.040038217230073066,0.07096497392211794,0.11246550169652539,0.16387216760407225,0.22362538535695733,0.28955839800579164,0.35920960323703116,0.4301085581705355,0.49999999999999994,0.5669927420744167,0.6296355753978722,0.6869320457815575],[0.0,0.0010179043118750738,0.004584227548704553,0.01279024344141831,0.027704247594611,0.05101285034544355,0.08367985836956951,0.12581046942276186,0.17666707271163964,0.2348168978118988,0.29835200656885813,0.36513186595383385,0.43300725792558314,0.49999999999999994,0.5644269889436587,0.6249684386841804],[0.0,0.0006050771472024597,0.0028847792600729836,0.00843139164952229,0.019025478953015866,0.03634186461151139,0.061633954688739556,0.09553079144208093,0.13794985319844388,0.18813017328824397,0.24475498314856,0.3061277248662254,0.37036442460212765,0.43557301105634105,0.4999999999999999,0.5621349934411303],[0.0,0.0003596785438558628,0.0018097768192711621,0.0055294302922543025,0.012976558951354878,0.025679475551679695,0.04497799601401457,0.07180873811333767,0.10656283668060912,0.14903730014922922,0.19847259193311725,0.2536566199528954,0.3130679542184422,0.37503156131581944,0.4378650065588696,0.5]]}